,entity,score,index,word,start,end
0,LABEL_1,0.59727144,1,ol,0,2
1,LABEL_1,0.7656059,2,##ly,2,4
2,LABEL_1,0.75928116,3,U,5,6
3,LABEL_1,0.82003695,4,##G,6,7
4,LABEL_1,0.74942434,5,(,8,9
5,LABEL_1,0.7266163,6,ha,9,11
6,LABEL_1,0.83748484,7,##ft,11,13
7,LABEL_1,0.71374935,8,##ungsbe,13,19
8,LABEL_1,0.5692017,9,##sch,19,22
9,LABEL_1,0.63961834,10,##ränkt,22,27
10,LABEL_1,0.71758795,11,),27,28
11,LABEL_1,0.7348967,1,B,0,1
12,LABEL_1,0.73977494,2,##L,1,2
13,LABEL_1,0.7620816,3,##U,2,3
14,LABEL_1,0.7453242,4,##EC,3,5
15,LABEL_1,0.7812617,5,##H,5,6
16,LABEL_1,0.8664971,6,##IL,6,8
17,LABEL_1,0.7912098,7,##L,8,9
18,LABEL_1,0.63613343,8,##ED,9,11
19,LABEL_1,0.6274648,9,Verwaltungs,12,23
20,LABEL_1,0.74091995,10,GmbH,24,28
21,LABEL_1,0.83328944,1,Mittels,0,7
22,LABEL_1,0.76517475,2,##tä,7,9
23,LABEL_1,0.72697115,3,##nd,9,11
24,LABEL_1,0.72902083,4,##ische,11,16
25,LABEL_1,0.8313484,5,Beteiligungs,17,29
26,LABEL_1,0.8245744,6,##gesellschaft,29,41
27,LABEL_1,0.74108475,7,Bremen,42,48
28,LABEL_1,0.725062,8,mbH,49,52
29,LABEL_1,0.58450687,1,Albert,0,6
30,LABEL_1,0.7359444,2,Bar,7,10
31,LABEL_1,0.5451825,3,##ufe,10,13
32,LABEL_1,0.76102114,4,GmbH,14,18
33,LABEL_1,0.67697966,1,IT,0,2
34,LABEL_1,0.7892992,2,##ER,2,4
35,LABEL_1,0.75664526,3,##G,4,5
36,LABEL_1,0.650053,4,##O,5,6
37,LABEL_1,0.712427,5,Informations,7,19
38,LABEL_1,0.6634321,6,##technologie,19,30
39,LABEL_1,0.80361503,7,GmbH,31,35
40,LABEL_1,0.70024246,1,Rhein,0,5
41,LABEL_1,0.6656284,2,##bahn,5,9
42,LABEL_1,0.70338523,3,AG,10,12
43,LABEL_1,0.6351878,1,Verwaltung,0,10
44,LABEL_1,0.7447432,2,IF,11,13
45,LABEL_1,0.6618281,3,##Ö,13,14
46,LABEL_1,0.68247855,4,Zweite,15,21
47,LABEL_1,0.70366544,5,Immobilien,22,32
48,LABEL_1,0.6691968,6,##fonds,32,37
49,LABEL_1,0.66287345,7,für,38,41
50,LABEL_1,0.75447065,8,Österreich,42,52
51,LABEL_1,0.7863095,9,GmbH,53,57
52,LABEL_1,0.80152726,1,A,0,1
53,LABEL_1,0.74390036,2,##WS,1,3
54,LABEL_1,0.7669969,3,Personal,4,12
55,LABEL_1,0.69457024,4,##marke,12,17
56,LABEL_1,0.68911695,5,##tin,17,20
57,LABEL_1,0.55831337,6,##g,20,21
58,LABEL_1,0.76610184,7,GmbH,22,26
59,LABEL_1,0.7436237,1,Rem,0,3
60,LABEL_1,0.707734,2,##bert,3,7
61,LABEL_1,0.6311616,3,Rechtsan,8,16
62,LABEL_1,0.5672243,4,##wälte,16,21
63,LABEL_1,0.79530036,5,Rem,22,25
64,LABEL_1,0.7270666,6,##bert,25,29
65,LABEL_1,0.7045991,7,Müller,30,36
66,LABEL_1,0.66279256,8,Putz,37,41
67,LABEL_1,0.6522159,9,##ier,41,44
68,LABEL_1,0.6740322,10,+,45,46
69,LABEL_1,0.65145886,11,Partner,47,54
70,LABEL_1,0.59113497,12,eingetragen,55,66
71,LABEL_1,0.6158794,13,##e,66,67
72,LABEL_1,0.6480532,14,Partnerschaft,68,81
73,LABEL_1,0.5118931,15,mit,82,85
74,LABEL_0,0.51074404,16,beschränkte,86,97
75,LABEL_1,0.6967864,17,##r,97,98
76,LABEL_1,0.706371,18,Berufs,99,105
77,LABEL_1,0.62009776,19,##haftung,105,112
78,LABEL_1,0.72602683,1,P,0,1
79,LABEL_1,0.7724803,2,##O,1,2
80,LABEL_1,0.78628224,3,##X,2,3
81,LABEL_1,0.7576426,4,Media,4,9
82,LABEL_1,0.62554294,5,Verwaltungs,10,21
83,LABEL_1,0.765356,6,GmbH,22,26
84,LABEL_1,0.74904317,1,H,0,1
85,LABEL_1,0.78325766,2,##B,1,2
86,LABEL_1,0.67351615,3,-,2,3
87,LABEL_1,0.7321811,4,D,3,4
88,LABEL_1,0.7342866,5,##IG,4,6
89,LABEL_1,0.7925181,6,##IT,6,8
90,LABEL_1,0.78202766,7,##A,8,9
91,LABEL_1,0.7474025,8,##L,9,10
92,LABEL_1,0.7925335,9,GmbH,11,15
93,LABEL_1,0.6687041,1,Neun,0,4
94,LABEL_1,0.75675887,2,##te,4,6
95,LABEL_1,0.7323337,3,Grundstücks,7,18
96,LABEL_1,0.6966508,4,##verwaltung,18,28
97,LABEL_1,0.70342594,5,A,29,30
98,LABEL_1,0.7052791,6,##HG,30,32
99,LABEL_1,0.6676797,7,-,32,33
100,LABEL_1,0.7751749,8,Beteiligungs,33,45
101,LABEL_1,0.55305,9,-,45,46
102,LABEL_1,0.6322414,10,und,47,50
103,LABEL_1,0.64371794,11,Handels,51,58
104,LABEL_1,0.7486413,12,##gesellschaft,58,70
105,LABEL_1,0.7242817,13,mbH,71,74
106,LABEL_1,0.6775077,14,&,75,76
107,LABEL_1,0.69461954,15,Co,77,79
108,LABEL_0,0.5422019,16,.,79,80
109,LABEL_1,0.7749433,17,KG,81,83
110,LABEL_1,0.6215618,1,w,0,1
111,LABEL_1,0.71452904,2,##p,1,2
112,LABEL_1,0.81501585,3,##d,2,3
113,LABEL_1,0.68033975,4,Wind,4,8
114,LABEL_1,0.6931077,5,##parks,8,13
115,LABEL_1,0.69771105,6,Westfalen,14,23
116,LABEL_1,0.6544863,7,IV,24,26
117,LABEL_1,0.79505897,8,GmbH,27,31
118,LABEL_1,0.6556013,1,Pall,0,4
119,LABEL_1,0.66347325,2,##etwa,4,8
120,LABEL_1,0.74671566,3,##ys,8,10
121,LABEL_1,0.57587314,4,Deutschland,11,22
122,LABEL_1,0.7340114,5,GmbH,23,27
123,LABEL_1,0.67027825,1,S,0,1
124,LABEL_1,0.74418837,2,-,1,2
125,LABEL_1,0.74449354,3,K,2,3
126,LABEL_1,0.6239078,4,##ON,3,5
127,LABEL_1,0.66576093,5,Sal,6,9
128,LABEL_1,0.67529196,6,##es,9,11
129,LABEL_1,0.61960006,7,Konto,12,17
130,LABEL_1,0.75557476,8,##r,17,18
131,LABEL_1,0.69141525,9,Hamburg,19,26
132,LABEL_1,0.7800722,10,GmbH,27,31
133,LABEL_1,0.670674,1,Elect,0,5
134,LABEL_1,0.6458706,2,##ron,5,8
135,LABEL_1,0.7992664,3,##ic,8,10
136,LABEL_1,0.8055547,4,##Part,10,14
137,LABEL_1,0.74470425,5,##ner,14,17
138,LABEL_1,0.77624804,6,Handel,18,24
139,LABEL_1,0.7084193,7,S,25,26
140,LABEL_1,0.6284089,8,##E,26,27
141,LABEL_1,0.70954734,1,Stadt,0,5
142,LABEL_1,0.7424877,2,##kü,5,7
143,LABEL_1,0.71817154,3,##che,7,10
144,LABEL_1,0.7645502,4,GmbH,11,15
145,LABEL_1,0.727387,1,S,0,1
146,LABEL_1,0.8236333,2,##I,1,2
147,LABEL_1,0.8882085,3,##EB,2,4
148,LABEL_1,0.8426753,4,##T,4,5
149,LABEL_1,0.6460776,5,##E,5,6
150,LABEL_1,0.7545789,6,P,7,8
151,LABEL_1,0.8041515,7,##A,8,9
152,LABEL_1,0.8213057,8,##X,9,10
153,LABEL_1,0.83522075,9,##AS,10,12
154,LABEL_1,0.7549718,10,Treuhand,13,21
155,LABEL_1,0.5120174,11,-,21,22
156,LABEL_1,0.67445815,12,und,23,26
157,LABEL_1,0.82376,13,Beteiligungs,27,39
158,LABEL_1,0.73491836,14,##gesellschaft,39,51
159,LABEL_1,0.6942383,15,mbH,52,55
160,LABEL_1,0.64757246,1,"""",0,1
161,LABEL_1,0.7932116,2,ad,1,3
162,LABEL_1,0.68523026,3,f,4,5
163,LABEL_1,0.6533513,4,##onte,5,9
164,LABEL_1,0.6409448,5,##s,9,10
165,LABEL_1,0.6582325,6,"""",10,11
166,LABEL_1,0.71767485,7,Solar,12,17
167,LABEL_1,0.7085679,8,##technik,17,24
168,LABEL_1,0.7895337,9,GmbH,25,29
169,LABEL_1,0.7608349,1,Fer,0,3
170,LABEL_1,0.7631405,2,##ox,3,5
171,LABEL_1,0.7382989,3,Zweite,6,12
172,LABEL_1,0.7597635,4,Holding,13,20
173,LABEL_1,0.7708435,5,GmbH,21,25
174,LABEL_1,0.7436725,1,Y,0,1
175,LABEL_1,0.83856,2,##ü,1,2
176,LABEL_1,0.85316616,3,##ce,2,4
177,LABEL_1,0.8547316,4,##bu,4,6
178,LABEL_1,0.8511362,5,##da,6,8
179,LABEL_1,0.74963707,6,##k,8,9
180,LABEL_1,0.7039986,7,IT,10,12
181,LABEL_1,0.691264,8,&,13,14
182,LABEL_1,0.66404235,9,Vertrieb,15,23
183,LABEL_1,0.70797396,10,U,24,25
184,LABEL_1,0.8180793,11,##G,25,26
185,LABEL_1,0.70967215,12,(,27,28
186,LABEL_1,0.6920565,13,ha,28,30
187,LABEL_1,0.8250142,14,##ft,30,32
188,LABEL_1,0.684882,15,##ungsbe,32,38
189,LABEL_1,0.5295361,16,##sch,38,41
190,LABEL_1,0.5916108,17,##ränkt,41,46
191,LABEL_1,0.6992699,18,),46,47
192,LABEL_1,0.69960356,1,Verwaltung,0,10
193,LABEL_1,0.7483813,2,N,11,12
194,LABEL_1,0.7961629,3,##OR,12,14
195,LABEL_1,0.8477528,4,##DC,14,16
196,LABEL_1,0.84726804,5,##A,16,17
197,LABEL_1,0.85957956,6,##PI,17,19
198,LABEL_1,0.81270206,7,##TA,19,21
199,LABEL_1,0.7776024,8,##L,21,22
200,LABEL_1,0.7910498,9,Schiffs,23,30
201,LABEL_1,0.6573734,10,##port,30,34
202,LABEL_1,0.8231128,11,##fol,34,37
203,LABEL_1,0.8180876,12,##io,37,39
204,LABEL_1,0.7501554,13,4,40,41
205,LABEL_1,0.8436991,14,GmbH,42,46
206,LABEL_1,0.72958654,1,HC,0,2
207,LABEL_1,0.77570117,2,##G,2,3
208,LABEL_1,0.74159503,3,Hanse,4,9
209,LABEL_1,0.7136133,4,Con,10,13
210,LABEL_1,0.82411873,5,##ven,13,16
211,LABEL_1,0.7000292,6,##ien,16,19
212,LABEL_1,0.7313153,7,##ce,19,21
213,LABEL_1,0.7915952,8,GmbH,22,26
214,LABEL_1,0.83083403,1,FA,0,2
215,LABEL_1,0.80298626,2,##P,2,3
216,LABEL_1,0.7941652,3,Beteiligungs,4,16
217,LABEL_1,0.72720236,4,##gesellschaft,16,28
218,LABEL_1,0.69169354,5,mbH,29,32
219,LABEL_1,0.66393924,1,Com,0,3
220,LABEL_1,0.7464642,2,##fort,3,7
221,LABEL_1,0.6089292,3,Hamburg,8,15
222,LABEL_1,0.70795995,4,Gesellschaft,16,28
223,LABEL_1,0.55348176,5,für,29,32
224,LABEL_1,0.79302686,6,Geschäfts,33,42
225,LABEL_0,0.5773972,7,##flächen,42,49
226,LABEL_1,0.6897574,8,und,50,53
227,LABEL_1,0.820492,9,Unternehmens,54,66
228,LABEL_1,0.7015383,10,##verm,66,70
229,LABEL_1,0.70590645,11,##itt,70,73
230,LABEL_1,0.6999353,12,##lung,73,77
231,LABEL_1,0.65032554,13,mbH,78,81
232,LABEL_1,0.7014803,1,Dr,0,2
233,LABEL_0,0.5308302,2,.,2,3
234,LABEL_1,0.81976575,3,Gottfried,4,13
235,LABEL_1,0.6307615,4,Neu,14,17
236,LABEL_1,0.56127113,5,##haus,17,21
237,LABEL_1,0.75429547,6,Treuhand,22,30
238,LABEL_1,0.7500755,7,GmbH,31,35
239,LABEL_1,0.8051161,1,Mon,0,3
240,LABEL_1,0.7366375,2,##heimer,3,9
241,LABEL_1,0.7807649,3,Bier,10,14
242,LABEL_1,0.6188847,4,##man,14,17
243,LABEL_1,0.6726504,5,##uf,17,19
244,LABEL_1,0.6730851,6,##act,19,22
245,LABEL_1,0.58490604,7,##ur,22,24
246,LABEL_1,0.8042196,8,GmbH,25,29
247,LABEL_1,0.537596,1,Pan,0,3
248,LABEL_1,0.60117495,2,##ason,3,7
249,LABEL_1,0.7184122,3,##ic,7,9
250,LABEL_1,0.61186856,4,Europe,10,16
251,LABEL_1,0.801581,5,Ltd,17,20
252,LABEL_1,0.62721914,6,.,20,21
253,LABEL_1,0.70871013,7,Zweig,22,27
254,LABEL_1,0.6859798,8,##nieder,27,33
255,LABEL_1,0.57649434,9,##lassung,33,40
256,LABEL_1,0.6835572,10,Deutschland,41,52
257,LABEL_1,0.6039639,11,Hamburg,53,60
258,LABEL_1,0.6553504,12,Office,61,67
259,LABEL_1,0.6401879,1,"""",0,1
260,LABEL_1,0.7930681,2,Rent,1,5
261,LABEL_1,0.75584847,3,##a,5,6
262,LABEL_1,0.758536,4,Reederei,7,15
263,LABEL_1,0.5902186,5,"""",15,16
264,LABEL_1,0.75862676,6,GmbH,17,21
265,LABEL_1,0.6410925,1,Dur,0,3
266,LABEL_1,0.7824541,2,##a,3,4
267,LABEL_1,0.7146107,3,Autom,5,10
268,LABEL_1,0.66726255,4,##otiv,10,14
269,LABEL_1,0.5583239,5,##e,14,15
270,LABEL_1,0.6162921,6,Systems,16,23
271,LABEL_1,0.7633305,7,GmbH,24,28
272,LABEL_1,0.8947192,1,F,0,1
273,LABEL_1,0.7647494,2,##B,1,2
274,LABEL_1,0.64306754,3,t,3,4
275,LABEL_1,0.7141183,4,##rust,4,8
276,LABEL_1,0.8337586,5,GmbH,9,13
277,LABEL_1,0.6014102,1,Can,0,3
278,LABEL_1,0.62107974,2,Ko,4,6
279,LABEL_1,0.7452353,3,##i,6,7
280,LABEL_1,0.60532427,4,Ib,8,10
281,LABEL_1,0.59179634,5,##iza,10,13
282,LABEL_1,0.7842939,6,GmbH,14,18
283,LABEL_1,0.5875263,7,&,19,20
284,LABEL_1,0.6250945,8,Co,21,23
285,LABEL_0,0.66230845,9,.,23,24
286,LABEL_1,0.77163804,10,KG,25,27
287,LABEL_1,0.72257614,1,Fe,0,2
288,LABEL_1,0.7859362,2,##ed,2,4
289,LABEL_1,0.64198214,3,##back,4,8
290,LABEL_1,0.75778323,4,Vermögens,9,18
291,LABEL_1,0.6545457,5,##beratung,18,26
292,LABEL_0,0.5507416,6,##s,26,27
293,LABEL_1,0.5061232,7,-,27,28
294,LABEL_1,0.6759013,8,und,29,32
295,LABEL_1,0.67330605,9,Vermittlungs,33,45
296,LABEL_1,0.7051165,10,##gesellschaft,45,57
297,LABEL_1,0.69679683,11,mbH,58,61
298,LABEL_1,0.62177247,1,W,0,1
299,LABEL_1,0.7656325,2,##24,1,3
300,LABEL_1,0.83394617,3,##7,3,4
301,LABEL_1,0.7604057,4,we,5,7
302,LABEL_1,0.76300496,5,##b,7,8
303,LABEL_1,0.74679065,6,app,9,12
304,LABEL_1,0.58806217,7,system,13,19
305,LABEL_1,0.68144643,8,##s,19,20
306,LABEL_1,0.725316,9,U,21,22
307,LABEL_1,0.8014977,10,##G,22,23
308,LABEL_1,0.7524647,11,(,24,25
309,LABEL_1,0.726837,12,ha,25,27
310,LABEL_1,0.84418136,13,##ft,27,29
311,LABEL_1,0.73531926,14,##ungsbe,29,35
312,LABEL_1,0.53904206,15,##sch,35,38
313,LABEL_1,0.66374874,16,##ränkt,38,43
314,LABEL_1,0.69565797,17,),43,44
315,LABEL_1,0.760592,1,J,0,1
316,LABEL_1,0.8653422,2,##AN,1,3
317,LABEL_1,0.75348127,3,##T,3,4
318,LABEL_1,0.69183147,4,Express,5,12
319,LABEL_1,0.6536976,5,-,12,13
320,LABEL_1,0.68868786,6,Logistik,13,21
321,LABEL_1,0.6798688,7,U,22,23
322,LABEL_1,0.79089713,8,##G,23,24
323,LABEL_1,0.71955734,9,(,25,26
324,LABEL_1,0.6918549,10,ha,26,28
325,LABEL_1,0.81692904,11,##ft,28,30
326,LABEL_1,0.7153924,12,##ungsbe,30,36
327,LABEL_1,0.5432144,13,##sch,36,39
328,LABEL_1,0.62798226,14,##ränkt,39,44
329,LABEL_1,0.7011571,15,),44,45
330,LABEL_1,0.6885451,1,S,0,1
331,LABEL_1,0.78253835,2,##EA,1,3
332,LABEL_1,0.82849747,3,##BR,3,5
333,LABEL_1,0.8188087,4,##ID,5,7
334,LABEL_1,0.8232111,5,##G,7,8
335,LABEL_1,0.6816806,6,##E,8,9
336,LABEL_1,0.7229691,7,Transport,10,19
337,LABEL_1,0.79430044,8,GmbH,20,24
338,LABEL_1,0.66925496,1,Schiffs,0,7
339,LABEL_1,0.63932455,2,##fonds,7,12
340,LABEL_1,0.6206512,3,O,13,14
341,LABEL_1,0.7436308,4,##wn,14,16
342,LABEL_1,0.638111,5,##ers,16,19
343,LABEL_1,0.692534,6,##hip,19,22
344,LABEL_1,0.70229954,7,Ton,23,26
345,LABEL_1,0.69082344,8,##na,26,28
346,LABEL_1,0.69459414,9,##ge,28,30
347,LABEL_1,0.6643459,10,VII,31,34
348,LABEL_1,0.7928045,11,GmbH,35,39
349,LABEL_1,0.6214664,12,&,40,41
350,LABEL_1,0.68725985,13,Co,42,44
351,LABEL_0,0.639858,14,.,44,45
352,LABEL_1,0.72651935,15,KG,46,48
353,LABEL_1,0.8019481,1,Ki,0,2
354,LABEL_1,0.86802876,2,##d,2,3
355,LABEL_1,0.829342,3,##IN,3,5
356,LABEL_1,0.798704,4,##V,5,6
357,LABEL_1,0.8371244,5,##ES,6,8
358,LABEL_1,0.75626814,6,##T,8,9
359,LABEL_1,0.81693834,7,GmbH,10,14
360,LABEL_1,0.69767785,1,N,0,1
361,LABEL_1,0.8416236,2,##X,1,2
362,LABEL_1,0.8093899,3,##P,2,3
363,LABEL_1,0.64598435,4,Sem,4,7
364,LABEL_1,0.79585856,5,##icon,7,11
365,LABEL_1,0.7919274,6,##du,11,13
366,LABEL_1,0.7544824,7,##ctor,13,17
367,LABEL_1,0.5648117,8,##s,17,18
368,LABEL_1,0.6675724,9,Germany,19,26
369,LABEL_1,0.75402594,10,GmbH,27,31
370,LABEL_1,0.59073937,1,Verwaltung,0,10
371,LABEL_1,0.6458754,2,Projekt,11,18
372,LABEL_1,0.73935086,3,##gesellschaft,18,30
373,LABEL_1,0.55981934,4,Marco,31,36
374,LABEL_0,0.51072145,5,Pol,37,40
375,LABEL_1,0.6795815,6,##o,40,41
376,LABEL_1,0.61262274,7,Tower,42,47
377,LABEL_1,0.7577957,8,GmbH,48,52
378,LABEL_1,0.5768516,1,Ecke,0,4
379,LABEL_1,0.75439227,2,##l,4,5
380,LABEL_1,0.6922396,3,##mann,5,9
381,LABEL_1,0.6620659,4,Umwelt,10,16
382,LABEL_1,0.73996735,5,Holding,17,24
383,LABEL_1,0.73822737,6,GmbH,25,29
384,LABEL_1,0.772998,1,Fac,0,3
385,LABEL_1,0.7595952,2,##tor,3,6
386,LABEL_1,0.6431534,3,Design,7,13
387,LABEL_1,0.6310678,4,Verwaltungs,14,25
388,LABEL_1,0.78819776,5,GmbH,26,30
389,LABEL_1,0.7720004,1,L,0,1
390,LABEL_1,0.768207,2,##U,1,2
391,LABEL_1,0.7671868,3,##IS,2,4
392,LABEL_1,0.68709254,4,##E,4,5
393,LABEL_1,0.618168,5,Verwaltungs,6,17
394,LABEL_1,0.7474396,6,GmbH,18,22
395,LABEL_1,0.6099438,1,Schmidt,0,7
396,LABEL_1,0.59271526,2,##s,7,8
397,LABEL_1,0.56572276,3,Ti,9,11
398,LABEL_1,0.63632303,4,##vol,11,14
399,LABEL_1,0.72875935,5,##i,14,15
400,LABEL_1,0.63713205,6,Gast,16,20
401,LABEL_1,0.65196514,7,##spiel,20,25
402,LABEL_1,0.79994535,8,GmbH,26,30
403,LABEL_1,0.6085164,1,Verwaltung,0,10
404,LABEL_1,0.79649204,2,Schiff,11,17
405,LABEL_1,0.6258608,3,##ahrt,17,21
406,LABEL_1,0.5743246,4,##s,21,22
407,LABEL_1,0.54667103,5,-,22,23
408,LABEL_1,0.76526636,6,Gesellschaft,23,35
409,LABEL_1,0.6647306,7,"""",36,37
410,LABEL_1,0.64526474,8,H,37,38
411,LABEL_1,0.79850614,9,##AN,38,40
412,LABEL_1,0.7961322,10,##SA,40,42
413,LABEL_1,0.68276405,11,BR,43,45
414,LABEL_1,0.86612844,12,##AN,45,47
415,LABEL_1,0.75621045,13,##DE,47,49
416,LABEL_1,0.7001461,14,##N,49,50
417,LABEL_1,0.7625084,15,##B,50,51
418,LABEL_1,0.7296337,16,##UR,51,53
419,LABEL_1,0.7960071,17,##G,53,54
420,LABEL_1,0.73453957,18,"""",54,55
421,LABEL_1,0.74121356,19,mbH,56,59
422,LABEL_1,0.7869762,1,AM,0,2
423,LABEL_1,0.7219263,2,##B,2,3
424,LABEL_1,0.69274235,3,Trad,4,8
425,LABEL_1,0.6916744,4,##e,8,9
426,LABEL_1,0.77403736,5,GmbH,10,14
427,LABEL_1,0.6924859,1,Verwaltung,0,10
428,LABEL_1,0.7857673,2,Z,11,12
429,LABEL_1,0.7919513,3,##EA,12,14
430,LABEL_1,0.7821485,4,##BO,14,16
431,LABEL_1,0.8675337,5,##R,16,17
432,LABEL_1,0.63739663,6,##N,17,18
433,LABEL_1,0.7362707,7,Sh,19,21
434,LABEL_1,0.6622883,8,##ip,21,23
435,LABEL_1,0.64307296,9,Management,24,34
436,LABEL_1,0.8298633,10,GmbH,35,39
437,LABEL_1,0.7135434,1,D,0,1
438,LABEL_1,0.5913831,2,##Z,1,2
439,LABEL_1,0.7337976,3,H,3,4
440,LABEL_1,0.74491894,4,##Y,4,5
441,LABEL_1,0.7467295,5,##P,5,6
442,LABEL_1,0.75313693,6,AG,7,9
443,LABEL_1,0.7228371,1,Z,0,1
444,LABEL_1,0.82653385,2,##A,1,2
445,LABEL_1,0.7174756,3,##EV,2,4
446,LABEL_1,0.65837467,4,##ER,4,6
447,LABEL_1,0.54527706,5,##S,6,7
448,LABEL_1,0.8156372,6,GmbH,8,12
449,LABEL_1,0.74476194,1,Auer,0,4
450,LABEL_1,0.62124693,2,##bach,4,8
451,LABEL_1,0.67745835,3,Trad,9,13
452,LABEL_1,0.6054952,4,##ing,13,16
453,LABEL_1,0.75595206,5,GmbH,17,21
454,LABEL_1,0.7956692,1,Po,0,2
455,LABEL_1,0.55876595,2,##ert,2,5
456,LABEL_1,0.7606146,3,##z,5,6
457,LABEL_1,0.61829525,4,##gen,6,9
458,LABEL_1,0.76163083,5,GmbH,10,14
459,LABEL_1,0.78425086,6,Unternehmens,15,27
460,LABEL_1,0.62309694,7,##beratung,27,35
461,LABEL_1,0.59630305,1,[,0,1
462,LABEL_1,0.6226928,2,m,1,2
463,LABEL_1,0.76113695,3,],2,3
464,LABEL_1,0.77806556,4,SC,3,5
465,LABEL_1,0.7585855,5,##I,5,6
466,LABEL_1,0.7068547,6,##EN,6,8
467,LABEL_1,0.6966922,7,##C,8,9
468,LABEL_1,0.60060036,8,##E,9,10
469,LABEL_1,0.8097111,9,GmbH,11,15
470,LABEL_1,0.67923427,1,Verwaltung,0,10
471,LABEL_1,0.7355855,2,MS,11,13
472,LABEL_1,0.69705474,3,"""",14,15
473,LABEL_1,0.6249279,4,H,15,16
474,LABEL_1,0.6886819,5,##A,16,17
475,LABEL_1,0.6822835,6,##M,17,18
476,LABEL_1,0.63830274,7,##M,18,19
477,LABEL_1,0.80415756,8,##ON,19,21
478,LABEL_1,0.7185291,9,##IA,21,23
479,LABEL_1,0.6855381,10,T,24,25
480,LABEL_1,0.7812746,11,##OS,25,27
481,LABEL_1,0.76710474,12,##CA,27,29
482,LABEL_1,0.73302907,13,##N,29,30
483,LABEL_1,0.75608325,14,##A,30,31
484,LABEL_1,0.7390662,15,"""",31,32
485,LABEL_1,0.8145578,16,GmbH,33,37
486,LABEL_1,0.727277,1,C,0,1
487,LABEL_1,0.6247358,2,.,1,2
488,LABEL_1,0.7337026,3,Ga,3,5
489,LABEL_1,0.7000949,4,##th,5,7
490,LABEL_1,0.7251779,5,##mann,7,11
491,LABEL_1,0.6598117,6,Computer,12,20
492,LABEL_1,0.65688145,7,-,20,21
493,LABEL_1,0.7214729,8,System,21,27
494,LABEL_1,0.7416729,9,-,27,28
495,LABEL_1,0.7145744,10,Beratung,28,36
496,LABEL_1,0.81543857,11,GmbH,37,41
497,LABEL_1,0.63597727,1,O,0,1
498,LABEL_1,0.6261644,2,##jo,1,3
499,LABEL_1,0.70787334,3,##oo,3,5
500,LABEL_1,0.67052376,4,Vo,6,8
501,LABEL_1,0.78986454,5,GmbH,9,13
502,LABEL_1,0.5029314,1,Ale,0,3
503,LABEL_1,0.78175896,2,##ss,3,5
504,LABEL_1,0.68620604,3,##io,5,7
505,LABEL_1,0.7123864,4,Analy,8,13
506,LABEL_1,0.8405373,5,##ti,13,15
507,LABEL_1,0.7133404,6,##cs,15,17
508,LABEL_1,0.73748726,7,U,18,19
509,LABEL_1,0.8161052,8,##G,19,20
510,LABEL_1,0.7444121,9,(,21,22
511,LABEL_1,0.68873715,10,ha,22,24
512,LABEL_1,0.81095433,11,##ft,24,26
513,LABEL_1,0.73031515,12,##ungsbe,26,32
514,LABEL_1,0.567854,13,##sch,32,35
515,LABEL_1,0.6196039,14,##ränkt,35,40
516,LABEL_1,0.71308076,15,),40,41
517,LABEL_1,0.61810356,1,S,0,1
518,LABEL_1,0.7450147,2,##M,1,2
519,LABEL_1,0.7714036,3,##K,2,3
520,LABEL_1,0.7092207,4,Verwertung,4,14
521,LABEL_0,0.5102075,5,##s,14,15
522,LABEL_1,0.6834931,6,##gesellschaft,15,27
523,LABEL_1,0.7038039,7,mbH,28,31
524,LABEL_0,0.5012798,1,Bei,0,3
525,LABEL_1,0.73196137,2,##ersdorf,3,10
526,LABEL_1,0.69303167,3,Aktien,11,17
527,LABEL_1,0.72207457,4,##gesellschaft,17,29
528,LABEL_1,0.6940719,1,AG,0,2
529,LABEL_1,0.88165206,2,##AR,2,4
530,LABEL_1,0.7400466,3,##BA,4,6
531,LABEL_1,0.7027923,4,Grundstücks,7,18
532,LABEL_1,0.6178711,5,-,18,19
533,LABEL_1,0.7185403,6,Vermietung,19,29
534,LABEL_0,0.5392341,7,##s,29,30
535,LABEL_1,0.64625657,8,##gesellschaft,30,42
536,LABEL_1,0.6520383,9,mbH,43,46
537,LABEL_1,0.5397876,1,Baum,0,4
538,LABEL_1,0.66354865,2,##arkt,4,8
539,LABEL_1,0.5980308,3,Max,9,12
540,LABEL_1,0.69300365,4,Bahr,13,17
541,LABEL_1,0.5725452,5,Prakt,18,23
542,LABEL_1,0.7344109,6,##iker,23,27
543,LABEL_1,0.68509215,7,Einkaufs,28,36
544,LABEL_1,0.77507776,8,GmbH,37,41
545,LABEL_1,0.55315745,1,Victoria,0,8
546,LABEL_1,0.7218982,2,Lebens,9,15
547,LABEL_1,0.60384685,3,##versicherung,15,27
548,LABEL_1,0.67846906,4,Aktien,28,34
549,LABEL_1,0.7241422,5,##gesellschaft,34,46
550,LABEL_1,0.65733826,1,Lu,0,2
551,LABEL_1,0.77601093,2,##Ma,2,4
552,LABEL_1,0.7922844,3,Projekten,5,14
553,LABEL_1,0.6310523,4,##t,14,15
554,LABEL_1,0.68779814,5,##wicklung,15,23
555,LABEL_1,0.52320564,6,##s,23,24
556,LABEL_1,0.57656527,7,-,24,25
557,LABEL_1,0.7544319,8,GmbH,25,29
558,LABEL_1,0.6973137,1,Amb,0,3
559,LABEL_1,0.6270575,2,##er,3,5
560,LABEL_1,0.7367754,3,Sh,6,8
561,LABEL_1,0.77543247,4,##ippi,8,12
562,LABEL_1,0.50892967,5,##n,12,13
563,LABEL_1,0.526844,6,##g,13,14
564,LABEL_1,0.6914967,7,U,15,16
565,LABEL_1,0.74681044,8,##G,16,17
566,LABEL_1,0.71677154,9,(,18,19
567,LABEL_1,0.6542697,10,ha,19,21
568,LABEL_1,0.8060095,11,##ft,21,23
569,LABEL_1,0.6774734,12,##ungsbe,23,29
570,LABEL_1,0.52703273,13,##sch,29,32
571,LABEL_1,0.6201392,14,##ränkt,32,37
572,LABEL_1,0.66129166,15,),37,38
573,LABEL_1,0.6122327,16,&,39,40
574,LABEL_1,0.7391126,17,Co,41,43
575,LABEL_0,0.6034478,18,.,43,44
576,LABEL_1,0.7497453,19,KG,45,47
577,LABEL_1,0.56760806,1,R,0,1
578,LABEL_1,0.7585113,2,##ED,1,3
579,LABEL_1,0.70445526,3,##EV,3,5
580,LABEL_1,0.70088315,4,##C,5,6
581,LABEL_1,0.67049485,5,##O,6,7
582,LABEL_1,0.61017406,6,Log,8,11
583,LABEL_1,0.5829527,7,##ist,11,14
584,LABEL_1,0.6932705,8,##ics,14,17
585,LABEL_1,0.7534017,9,Gü,18,20
586,LABEL_1,0.8097538,10,##d,20,21
587,LABEL_1,0.7114376,11,##der,21,24
588,LABEL_1,0.6536965,12,##ath,24,27
589,LABEL_1,0.7873334,13,GmbH,28,32
590,LABEL_1,0.6380341,14,&,33,34
591,LABEL_1,0.6894924,15,Co,35,37
592,LABEL_0,0.58424747,16,.,37,38
593,LABEL_1,0.5579936,17,O,39,40
594,LABEL_1,0.73322403,18,##HG,40,42
595,LABEL_1,0.6486428,1,Verwaltung,0,10
596,LABEL_1,0.7542733,2,"""",11,12
597,LABEL_1,0.594003,3,MS,12,14
598,LABEL_1,0.70723283,4,Sophie,15,21
599,LABEL_1,0.6971238,5,"""",21,22
600,LABEL_1,0.8089585,6,Schiff,23,29
601,LABEL_1,0.5985775,7,##fahrts,29,35
602,LABEL_1,0.7442872,8,##gesellschaft,35,47
603,LABEL_1,0.68732095,9,mbH,48,51
604,LABEL_1,0.695713,1,AL,0,2
605,LABEL_1,0.8279524,2,Am,3,5
606,LABEL_1,0.59532833,3,##an,5,7
607,LABEL_1,0.6808701,4,Engine,8,14
608,LABEL_1,0.52650726,5,##ering,14,19
609,LABEL_1,0.57136947,6,and,20,23
610,LABEL_1,0.63998777,7,Trad,24,28
611,LABEL_1,0.5372312,8,##ing,28,31
612,LABEL_1,0.74410754,9,U,32,33
613,LABEL_1,0.7968083,10,##G,33,34
614,LABEL_1,0.6942336,11,(,35,36
615,LABEL_1,0.6741424,12,ha,36,38
616,LABEL_1,0.81558484,13,##ft,38,40
617,LABEL_1,0.71255934,14,##ungsbe,40,46
618,LABEL_1,0.52546,15,##sch,46,49
619,LABEL_1,0.5921278,16,##ränkt,49,54
620,LABEL_1,0.677842,17,),54,55
621,LABEL_1,0.6051246,1,Verwaltungs,0,11
622,LABEL_1,0.7389451,2,##gesellschaft,11,23
623,LABEL_1,0.6606845,3,MS,24,26
624,LABEL_1,0.65316254,4,"""",27,28
625,LABEL_1,0.614193,5,Bar,28,31
626,LABEL_0,0.5030985,6,##mb,31,33
627,LABEL_1,0.6488492,7,##ek,33,35
628,LABEL_1,0.61350673,8,"""",35,36
629,LABEL_1,0.67793137,9,mbH,37,40
630,LABEL_1,0.7881136,1,Nä,0,2
631,LABEL_1,0.7636459,2,##r,2,3
632,LABEL_1,0.737958,3,##rische,3,9
633,LABEL_1,0.756558,4,Frauen,10,16
634,LABEL_1,0.7196055,5,Himmel,17,23
635,LABEL_1,0.7254079,6,##geist,23,28
636,LABEL_1,0.6349443,7,e,29,30
637,LABEL_1,0.68770266,8,.,30,31
638,LABEL_1,0.70788115,9,V,31,32
639,LABEL_1,0.7482717,10,.,32,33
640,LABEL_1,0.71073884,1,MS,0,2
641,LABEL_1,0.6552312,2,"""",3,4
642,LABEL_1,0.73138,3,Fa,4,6
643,LABEL_1,0.80552524,4,##vo,6,8
644,LABEL_1,0.6304232,5,##uri,8,11
645,LABEL_1,0.7478562,6,##sa,11,13
646,LABEL_1,0.82227814,7,##ti,13,15
647,LABEL_1,0.57351524,8,##on,15,17
648,LABEL_1,0.679559,9,"""",17,18
649,LABEL_1,0.71473044,10,Verwaltung,19,29
650,LABEL_1,0.79275966,11,GmbH,30,34
651,LABEL_1,0.7065921,1,Wünsche,0,7
652,LABEL_1,0.72824395,2,Services,8,16
653,LABEL_1,0.78065765,3,GmbH,17,21
654,LABEL_1,0.6077714,1,Mer,0,3
655,LABEL_1,0.7601863,2,##ica,3,6
656,LABEL_1,0.7013735,3,Capital,7,14
657,LABEL_1,0.7955758,4,GmbH,15,19
658,LABEL_1,0.70079887,1,Kr,0,2
659,LABEL_1,0.58656687,2,##öger,2,6
660,LABEL_1,0.7262326,3,Bau,7,10
661,LABEL_1,0.67139876,4,##geräte,10,16
662,LABEL_1,0.6465543,5,Service,17,24
663,LABEL_1,0.77679646,6,GmbH,25,29
664,LABEL_1,0.7461075,1,Acht,0,4
665,LABEL_1,0.81260645,2,##e,4,5
666,LABEL_1,0.77234215,3,dis,6,9
667,LABEL_1,0.7034305,4,##play,9,13
668,LABEL_1,0.64059937,5,system,14,20
669,LABEL_1,0.8138839,6,GmbH,21,25
670,LABEL_1,0.643713,1,Atlantik,0,8
671,LABEL_1,0.7823063,2,Hafen,9,14
672,LABEL_1,0.68395615,3,##betriebe,14,22
673,LABEL_1,0.7171609,4,Ge,23,25
674,LABEL_1,0.5645743,5,##uther,25,30
675,LABEL_1,0.646724,6,&,31,32
676,LABEL_1,0.7209677,7,Schn,33,37
677,LABEL_1,0.6920043,8,##it,37,39
678,LABEL_1,0.6836743,9,##ger,39,42
679,LABEL_1,0.8065405,10,GmbH,43,47
680,LABEL_1,0.6177848,11,&,48,49
681,LABEL_1,0.6773451,12,Co,50,52
682,LABEL_0,0.5795485,13,.,52,53
683,LABEL_1,0.80687344,14,KG,54,56
684,LABEL_1,0.7765104,1,T,0,1
685,LABEL_1,0.7225668,2,##T,1,2
686,LABEL_1,0.66673744,3,Trad,3,7
687,LABEL_1,0.61117,4,##ing,7,10
688,LABEL_1,0.78694326,5,GmbH,11,15
689,LABEL_1,0.73214823,1,AV,0,2
690,LABEL_1,0.8427782,2,##AS,2,4
691,LABEL_1,0.633068,3,##PA,4,6
692,LABEL_1,0.718335,4,Bremen,7,13
693,LABEL_1,0.6752666,5,Vermietung,14,24
694,LABEL_0,0.52920234,6,##s,24,25
695,LABEL_1,0.6527914,7,##gesellschaft,25,37
696,LABEL_1,0.6686021,8,mbH,38,41
697,LABEL_1,0.59535307,1,T,0,1
698,LABEL_1,0.67553085,2,##O,1,2
699,LABEL_1,0.75788504,3,##L,2,3
700,LABEL_1,0.5680197,4,Time,4,8
701,LABEL_1,0.6742916,5,of,9,11
702,LABEL_1,0.59066087,6,Lux,12,15
703,LABEL_1,0.63252866,7,##ury,15,18
704,LABEL_1,0.80952024,8,GmbH,19,23
705,LABEL_1,0.8025241,1,Mut,0,3
706,LABEL_1,0.7521574,2,##abor,3,7
707,LABEL_1,0.7465904,3,Brand,8,13
708,LABEL_1,0.6441681,4,##sp,13,15
709,LABEL_1,0.7187882,5,##ace,15,18
710,LABEL_1,0.57318103,6,##s,18,19
711,LABEL_1,0.7799254,7,GmbH,20,24
712,LABEL_1,0.63192433,1,Gebäude,0,7
713,LABEL_1,0.5474157,2,##rein,7,11
714,LABEL_1,0.5884004,3,##igung,11,16
715,LABEL_1,0.72020644,4,Wolff,17,22
716,LABEL_1,0.72501177,5,GmbH,23,27
717,LABEL_1,0.7196224,1,He,0,2
718,LABEL_1,0.6418321,2,:,2,3
719,LABEL_1,0.6888383,3,Lee,3,6
720,LABEL_1,0.66617745,4,E,7,8
721,LABEL_1,0.69577634,5,##X,8,9
722,LABEL_1,0.72913986,6,##PO,9,11
723,LABEL_1,0.7411386,7,-,12,13
724,LABEL_1,0.67905486,8,Messe,14,19
725,LABEL_1,0.5760964,9,:,20,21
726,LABEL_1,0.7464484,10,Cons,22,26
727,LABEL_1,0.7508126,11,##ult,26,29
728,LABEL_1,0.7094852,12,##ing,29,32
729,LABEL_1,0.7231634,13,:,33,34
730,LABEL_1,0.5962996,14,Pro,35,38
731,LABEL_1,0.683126,15,##ject,38,42
732,LABEL_1,0.5919383,16,Management,43,53
733,LABEL_1,0.6481488,17,Verwaltungs,54,65
734,LABEL_1,0.7409476,18,GmbH,66,70
735,LABEL_1,0.5703801,1,Euro,0,4
736,LABEL_1,0.6539701,2,##fin,4,7
737,LABEL_1,0.6378826,3,##s,7,8
738,LABEL_1,0.63289183,4,GS,9,11
739,LABEL_1,0.7226241,5,##C,11,12
740,LABEL_1,0.6925645,6,Germany,13,20
741,LABEL_1,0.76852006,7,GmbH,21,25
742,LABEL_1,0.7499872,1,E,0,1
743,LABEL_1,0.82011575,2,##Q,1,2
744,LABEL_1,0.8490285,3,##U,2,3
745,LABEL_1,0.8308418,4,##IN,3,5
746,LABEL_1,0.80366033,5,##O,5,6
747,LABEL_1,0.77738476,6,##X,6,7
748,LABEL_1,0.6924414,7,Investment,8,18
749,LABEL_1,0.80608976,8,GmbH,19,23
750,LABEL_1,0.6192267,1,Sel,0,3
751,LABEL_1,0.7567588,2,##l,3,4
752,LABEL_1,0.7023699,3,Fac,5,8
753,LABEL_1,0.7594322,4,##ilit,8,12
754,LABEL_1,0.6997346,5,##y,12,13
755,LABEL_1,0.6551906,6,Services,14,22
756,LABEL_1,0.77374274,7,GmbH,23,27
757,LABEL_1,0.7550422,1,BLVÈ,0,4
758,LABEL_1,0.8235894,2,U,5,6
759,LABEL_1,0.8173993,3,##G,6,7
760,LABEL_1,0.78107643,4,(,8,9
761,LABEL_1,0.76367724,5,ha,9,11
762,LABEL_1,0.8529162,6,##ft,11,13
763,LABEL_1,0.7301051,7,##ungsbe,13,19
764,LABEL_1,0.59247977,8,##sch,19,22
765,LABEL_1,0.6587008,9,##ränkt,22,27
766,LABEL_1,0.7586491,10,),27,28
767,LABEL_1,0.6192682,1,Lu,0,2
768,LABEL_1,0.84310704,2,##zem,2,5
769,LABEL_1,0.7689487,3,##ann,5,8
770,LABEL_1,0.6997901,4,Services,9,17
771,LABEL_1,0.6831918,5,Verwaltungs,18,29
772,LABEL_1,0.7631084,6,##gesellschaft,29,41
773,LABEL_1,0.7211268,7,mbH,42,45
774,LABEL_1,0.59540963,1,Sa,0,2
775,LABEL_1,0.68960804,2,##sol,2,5
776,LABEL_1,0.84406453,3,Wa,6,8
777,LABEL_1,0.6867636,4,##x,8,9
778,LABEL_1,0.8079579,5,GmbH,10,14
779,LABEL_1,0.77998734,1,Mol,0,3
780,LABEL_1,0.7687645,2,##ten,3,6
781,LABEL_1,0.7386886,3,Europe,7,13
782,LABEL_1,0.7567419,4,GmbH,14,18
783,LABEL_1,0.76046795,1,VI,0,2
784,LABEL_1,0.8671516,2,##ER,2,4
785,LABEL_1,0.8659337,3,##T,4,5
786,LABEL_1,0.65882164,4,##E,5,6
787,LABEL_1,0.7629246,5,Fonds,7,12
788,LABEL_1,0.70681167,6,-,12,13
789,LABEL_1,0.80620074,7,Beteiligungs,13,25
790,LABEL_1,0.7563995,8,##gesellschaft,25,37
791,LABEL_1,0.6996565,9,mbH,38,41
792,LABEL_1,0.673121,1,G,0,1
793,LABEL_1,0.7261079,2,##EN,1,3
794,LABEL_1,0.7904287,3,##IG,3,5
795,LABEL_1,0.7444779,4,##O,5,6
796,LABEL_1,0.8164978,5,GmbH,7,11
797,LABEL_1,0.6937218,1,W,0,1
798,LABEL_1,0.6775427,2,##E,1,2
799,LABEL_1,0.82240015,3,##H,2,3
800,LABEL_1,0.6754686,4,##R,3,4
801,LABEL_1,0.79252183,5,B,5,6
802,LABEL_1,0.699827,6,##U,6,7
803,LABEL_1,0.79716074,7,##L,7,8
804,LABEL_1,0.7864905,8,##K,8,9
805,LABEL_1,0.7394293,9,##CA,9,11
806,LABEL_1,0.76559126,10,##RR,11,13
807,LABEL_1,0.8434023,11,##I,13,14
808,LABEL_1,0.66289073,12,##ER,14,16
809,LABEL_1,0.5449899,13,##S,16,17
810,LABEL_1,0.7923011,14,GmbH,18,22
811,LABEL_1,0.6491847,15,&,23,24
812,LABEL_1,0.5923124,16,Co,25,27
813,LABEL_1,0.68661875,17,KG,28,30
814,LABEL_1,0.6756081,1,R,0,1
815,LABEL_1,0.63802624,2,.,1,2
816,LABEL_1,0.79838854,3,F,2,3
817,LABEL_1,0.64595014,4,.,3,4
818,LABEL_1,0.7936759,5,L,4,5
819,LABEL_1,0.721291,6,.,5,6
820,LABEL_1,0.7484917,7,Gewerbe,7,14
821,LABEL_1,0.6083026,8,Immobilien,15,25
822,LABEL_1,0.62966883,9,Verwaltungs,26,37
823,LABEL_1,0.72454226,10,GmbH,38,42
824,LABEL_1,0.6568396,1,Verwaltungs,0,11
825,LABEL_1,0.7678094,2,##gesellschaft,11,23
826,LABEL_1,0.7871387,3,EG,24,26
827,LABEL_1,0.77861226,4,##R,26,27
828,LABEL_1,0.8068282,5,##IM,27,29
829,LABEL_1,0.77816933,6,##A,29,30
830,LABEL_1,0.76488954,7,mbH,31,34
831,LABEL_1,0.5810561,1,Lamp,0,4
832,LABEL_1,0.7200655,2,##e,4,5
833,LABEL_1,0.7294797,3,Ass,6,9
834,LABEL_0,0.50183123,4,##et,9,11
835,LABEL_1,0.58141,5,Management,12,22
836,LABEL_1,0.7561689,6,GmbH,23,27
837,LABEL_1,0.697694,1,Hart,0,4
838,LABEL_1,0.5148618,2,##ungs,4,8
839,LABEL_1,0.611414,3,##tra,8,11
840,LABEL_0,0.53270936,4,##ße,11,13
841,LABEL_1,0.6462478,5,12,14,16
842,LABEL_1,0.6325941,6,Verwaltungs,17,28
843,LABEL_1,0.779606,7,##gesellschaft,28,40
844,LABEL_1,0.72918606,8,mbH,41,44
845,LABEL_1,0.68070453,1,ES,0,2
846,LABEL_1,0.73316765,2,Medien,3,9
847,LABEL_1,0.6912342,3,Agentur,10,17
848,LABEL_1,0.6266832,4,+,18,19
849,LABEL_1,0.63840926,5,Handels,20,27
850,LABEL_1,0.7135634,6,##gesellschaft,27,39
851,LABEL_1,0.65754575,7,mbH,40,43
852,LABEL_1,0.5770731,8,&,44,45
853,LABEL_1,0.64662844,9,Co,46,48
854,LABEL_0,0.61518353,10,.,48,49
855,LABEL_1,0.78853434,11,KG,50,52
856,LABEL_1,0.6952395,1,De,0,2
857,LABEL_1,0.76561934,2,##wig,2,5
858,LABEL_1,0.76544803,3,##o,5,6
859,LABEL_1,0.8184763,4,(,7,8
860,LABEL_1,0.71592194,5,De,8,10
861,LABEL_1,0.68173075,6,##alin,10,14
862,LABEL_1,0.6785091,7,##g,14,15
863,LABEL_1,0.7080425,8,with,16,20
864,LABEL_1,0.7017038,9,g,21,22
865,LABEL_1,0.7275197,10,##oo,22,24
866,LABEL_1,0.7196036,11,##ds,24,26
867,LABEL_1,0.7938499,12,),26,27
868,LABEL_1,0.75520384,13,U,28,29
869,LABEL_1,0.7896293,14,##G,29,30
870,LABEL_1,0.7407286,15,(,31,32
871,LABEL_1,0.7012831,16,ha,32,34
872,LABEL_1,0.8209238,17,##ft,34,36
873,LABEL_1,0.70876026,18,##ungsbe,36,42
874,LABEL_1,0.53970873,19,##sch,42,45
875,LABEL_1,0.6728175,20,##ränkt,45,50
876,LABEL_1,0.72939396,21,),50,51
877,LABEL_1,0.71157753,1,N,0,1
878,LABEL_1,0.6566054,2,##PC,1,3
879,LABEL_1,0.59226096,3,H,4,5
880,LABEL_1,0.7359687,4,##O,5,6
881,LABEL_1,0.7366636,5,##T,6,7
882,LABEL_1,0.79048747,6,##EL,7,9
883,LABEL_1,0.82624793,7,##EN,9,11
884,LABEL_1,0.8414594,8,##T,11,12
885,LABEL_1,0.77555704,9,##W,12,13
886,LABEL_1,0.6969,10,##IC,13,15
887,LABEL_1,0.8632674,11,##K,15,16
888,LABEL_1,0.78876454,12,##L,16,17
889,LABEL_1,0.75572234,13,##UN,17,19
890,LABEL_1,0.68342125,14,##G,19,20
891,LABEL_1,0.5952218,15,##S,20,21
892,LABEL_1,0.75345933,16,U,22,23
893,LABEL_1,0.74638104,17,.,23,24
894,LABEL_1,0.75892746,18,-,25,26
895,LABEL_1,0.7784036,19,M,27,28
896,LABEL_1,0.8244632,20,##AN,28,30
897,LABEL_1,0.8410902,21,##AG,30,32
898,LABEL_1,0.782123,22,##EM,32,34
899,LABEL_1,0.7512923,23,##EN,34,36
900,LABEL_1,0.7359113,24,##T,36,37
901,LABEL_1,0.805859,25,GmbH,38,42
902,LABEL_1,0.66802955,1,T,0,1
903,LABEL_1,0.745312,2,##RA,1,3
904,LABEL_1,0.7581701,3,##C,3,4
905,LABEL_1,0.7647346,4,##O,4,5
906,LABEL_1,0.76028377,5,##A,5,6
907,LABEL_1,0.8311364,6,GmbH,7,11
908,LABEL_1,0.68150645,1,Mu,0,2
909,LABEL_1,0.7366745,2,##ehl,2,5
910,LABEL_1,0.7523445,3,##han,5,8
911,LABEL_1,0.57269007,4,Deutschland,9,20
912,LABEL_1,0.7012103,5,GmbH,21,25
913,LABEL_1,0.60904616,1,Harb,0,4
914,LABEL_1,0.5343714,2,##urg,4,7
915,LABEL_1,0.5754614,3,-,7,8
916,LABEL_1,0.60750586,4,Freude,8,14
917,LABEL_1,0.5163536,5,##n,14,15
918,LABEL_1,0.71776605,6,##berger,15,21
919,LABEL_1,0.71259683,7,Maschinenbau,22,34
920,LABEL_1,0.7824502,8,GmbH,35,39
